{"cameraMode":{"drawMode":0,"name":"Shaded","section":"Shading Mode"},"sceneLighting":true,"audioPlay":false,"sceneViewState":{"m_AlwaysRefresh":false,"showFog":true,"showSkybox":true,"showFlares":true,"showImageEffects":true,"showParticleSystems":true,"showVisualEffectGraphs":true,"m_FxEnabled":true},"in2DMode":false,"pivot":{"x":303.20001220703127,"y":38.040000915527347,"z":423.59906005859377},"rotation":{"x":0.2005060762166977,"y":0.4411235451698303,"z":-0.10180456191301346,"w":0.8688206672668457},"size":518.0427856445313,"orthographic":false}